id,property
mp-1183115,-8.232146192000002
mp-1183052,-7.604279514
mp-866101,-8.862593228
mp-864606,-7.035745362
mp-861502,-8.258555312000002
mp-1183053,-7.461883426
mp-1183142,-7.120950934
mp-864911,-8.599044686
mp-1183139,-7.404515515999998
mp-1183145,-7.065943371999998
